{
  "Burnley": {
    "wins": 5,
    "draws": 9,
    "losses": 24,
    "goals_scored": 41,
    "goals_conceded": 78,
    "win_rate": 0.13157894736842105,
    "draw_rate": 0.23684210526315788,
    "loss_rate": 0.631578947368421,
    "goals_per_game": 1.0789473684210527,
    "goals_conceded_per_game": 2.0526315789473686
  },
  "Manchester City": {
    "wins": 28,
    "draws": 7,
    "losses": 3,
    "goals_scored": 96,
    "goals_conceded": 34,
    "win_rate": 0.7368421052631579,
    "draw_rate": 0.18421052631578946,
    "loss_rate": 0.07894736842105263,
    "goals_per_game": 2.526315789473684,
    "goals_conceded_per_game": 0.8947368421052632
  },
  "Arsenal": {
    "wins": 28,
    "draws": 5,
    "losses": 5,
    "goals_scored": 91,
    "goals_conceded": 29,
    "win_rate": 0.7368421052631579,
    "draw_rate": 0.13157894736842105,
    "loss_rate": 0.13157894736842105,
    "goals_per_game": 2.3947368421052633,
    "goals_conceded_per_game": 0.7631578947368421
  },
  "Nottingham Forest": {
    "wins": 9,
    "draws": 9,
    "losses": 20,
    "goals_scored": 49,
    "goals_conceded": 67,
    "win_rate": 0.23684210526315788,
    "draw_rate": 0.23684210526315788,
    "loss_rate": 0.5263157894736842,
    "goals_per_game": 1.2894736842105263,
    "goals_conceded_per_game": 1.763157894736842
  },
  "Bournemouth": {
    "wins": 13,
    "draws": 9,
    "losses": 16,
    "goals_scored": 54,
    "goals_conceded": 67,
    "win_rate": 0.34210526315789475,
    "draw_rate": 0.23684210526315788,
    "loss_rate": 0.42105263157894735,
    "goals_per_game": 1.4210526315789473,
    "goals_conceded_per_game": 1.763157894736842
  },
  "West Ham": {
    "wins": 14,
    "draws": 10,
    "losses": 14,
    "goals_scored": 60,
    "goals_conceded": 74,
    "win_rate": 0.3684210526315789,
    "draw_rate": 0.2631578947368421,
    "loss_rate": 0.3684210526315789,
    "goals_per_game": 1.5789473684210527,
    "goals_conceded_per_game": 1.9473684210526316
  },
  "Everton": {
    "wins": 13,
    "draws": 9,
    "losses": 16,
    "goals_scored": 40,
    "goals_conceded": 51,
    "win_rate": 0.34210526315789475,
    "draw_rate": 0.23684210526315788,
    "loss_rate": 0.42105263157894735,
    "goals_per_game": 1.0526315789473684,
    "goals_conceded_per_game": 1.3421052631578947
  },
  "Fulham": {
    "wins": 13,
    "draws": 8,
    "losses": 17,
    "goals_scored": 55,
    "goals_conceded": 61,
    "win_rate": 0.34210526315789475,
    "draw_rate": 0.21052631578947367,
    "loss_rate": 0.4473684210526316,
    "goals_per_game": 1.4473684210526316,
    "goals_conceded_per_game": 1.605263157894737
  },
  "Brighton": {
    "wins": 12,
    "draws": 12,
    "losses": 14,
    "goals_scored": 55,
    "goals_conceded": 62,
    "win_rate": 0.3157894736842105,
    "draw_rate": 0.3157894736842105,
    "loss_rate": 0.3684210526315789,
    "goals_per_game": 1.4473684210526316,
    "goals_conceded_per_game": 1.631578947368421
  },
  "Luton": {
    "wins": 6,
    "draws": 8,
    "losses": 24,
    "goals_scored": 52,
    "goals_conceded": 85,
    "win_rate": 0.15789473684210525,
    "draw_rate": 0.21052631578947367,
    "loss_rate": 0.631578947368421,
    "goals_per_game": 1.368421052631579,
    "goals_conceded_per_game": 2.236842105263158
  },
  "Sheffield Utd": {
    "wins": 3,
    "draws": 7,
    "losses": 28,
    "goals_scored": 35,
    "goals_conceded": 104,
    "win_rate": 0.07894736842105263,
    "draw_rate": 0.18421052631578946,
    "loss_rate": 0.7368421052631579,
    "goals_per_game": 0.9210526315789473,
    "goals_conceded_per_game": 2.736842105263158
  },
  "Crystal Palace": {
    "wins": 13,
    "draws": 10,
    "losses": 15,
    "goals_scored": 57,
    "goals_conceded": 58,
    "win_rate": 0.34210526315789475,
    "draw_rate": 0.2631578947368421,
    "loss_rate": 0.39473684210526316,
    "goals_per_game": 1.5,
    "goals_conceded_per_game": 1.5263157894736843
  },
  "Newcastle": {
    "wins": 18,
    "draws": 6,
    "losses": 14,
    "goals_scored": 85,
    "goals_conceded": 62,
    "win_rate": 0.47368421052631576,
    "draw_rate": 0.15789473684210525,
    "loss_rate": 0.3684210526315789,
    "goals_per_game": 2.236842105263158,
    "goals_conceded_per_game": 1.631578947368421
  },
  "Aston Villa": {
    "wins": 20,
    "draws": 8,
    "losses": 10,
    "goals_scored": 76,
    "goals_conceded": 61,
    "win_rate": 0.5263157894736842,
    "draw_rate": 0.21052631578947367,
    "loss_rate": 0.2631578947368421,
    "goals_per_game": 2.0,
    "goals_conceded_per_game": 1.605263157894737
  },
  "Brentford": {
    "wins": 10,
    "draws": 9,
    "losses": 19,
    "goals_scored": 56,
    "goals_conceded": 65,
    "win_rate": 0.2631578947368421,
    "draw_rate": 0.23684210526315788,
    "loss_rate": 0.5,
    "goals_per_game": 1.4736842105263157,
    "goals_conceded_per_game": 1.7105263157894737
  },
  "Tottenham": {
    "wins": 20,
    "draws": 6,
    "losses": 12,
    "goals_scored": 74,
    "goals_conceded": 61,
    "win_rate": 0.5263157894736842,
    "draw_rate": 0.15789473684210525,
    "loss_rate": 0.3157894736842105,
    "goals_per_game": 1.9473684210526316,
    "goals_conceded_per_game": 1.605263157894737
  },
  "Chelsea": {
    "wins": 18,
    "draws": 9,
    "losses": 11,
    "goals_scored": 77,
    "goals_conceded": 63,
    "win_rate": 0.47368421052631576,
    "draw_rate": 0.23684210526315788,
    "loss_rate": 0.2894736842105263,
    "goals_per_game": 2.026315789473684,
    "goals_conceded_per_game": 1.6578947368421053
  },
  "Liverpool": {
    "wins": 24,
    "draws": 10,
    "losses": 4,
    "goals_scored": 86,
    "goals_conceded": 41,
    "win_rate": 0.631578947368421,
    "draw_rate": 0.2631578947368421,
    "loss_rate": 0.10526315789473684,
    "goals_per_game": 2.263157894736842,
    "goals_conceded_per_game": 1.0789473684210527
  },
  "Manchester United": {
    "wins": 18,
    "draws": 6,
    "losses": 14,
    "goals_scored": 57,
    "goals_conceded": 58,
    "win_rate": 0.47368421052631576,
    "draw_rate": 0.15789473684210525,
    "loss_rate": 0.3684210526315789,
    "goals_per_game": 1.5,
    "goals_conceded_per_game": 1.5263157894736843
  },
  "Wolves": {
    "wins": 13,
    "draws": 7,
    "losses": 18,
    "goals_scored": 50,
    "goals_conceded": 65,
    "win_rate": 0.34210526315789475,
    "draw_rate": 0.18421052631578946,
    "loss_rate": 0.47368421052631576,
    "goals_per_game": 1.3157894736842106,
    "goals_conceded_per_game": 1.7105263157894737
  },
  "Sunderland": {
    "wins": 12,
    "draws": 10,
    "losses": 16,
    "goals_scored": 50,
    "goals_conceded": 60,
    "win_rate": 0.315,
    "draw_rate": 0.263,
    "loss_rate": 0.421,
    "goals_per_game": 1.32,
    "goals_conceded_per_game": 1.58
}
}